<?xml version="1.0" encoding="UTF-8"?>
<metadata>
  <groupId>org.twitter4j</groupId>
  <artifactId>twitter4j-core</artifactId>
  <versioning>
    <latest>4.0.3</latest>
    <release>4.0.3</release>
    <versions>
      <version>2.1.0</version>
      <version>2.1.1</version>
      <version>2.1.2</version>
      <version>2.1.3</version>
      <version>2.1.4</version>
      <version>2.1.5</version>
      <version>2.1.6</version>
      <version>2.1.7</version>
      <version>2.1.8</version>
      <version>2.1.9</version>
      <version>2.1.10</version>
      <version>2.1.11</version>
      <version>2.1.12</version>
      <version>2.2.0</version>
      <version>2.2.1</version>
      <version>2.2.2</version>
      <version>2.2.3</version>
      <version>2.2.4</version>
      <version>2.2.5</version>
      <version>2.2.6</version>
      <version>3.0.0</version>
      <version>3.0.1</version>
      <version>3.0.2</version>
      <version>3.0.3</version>
      <version>3.0.4</version>
      <version>3.0.5</version>
      <version>3.0.6</version>
      <version>4.0.0</version>
      <version>4.0.1</version>
      <version>4.0.2</version>
      <version>4.0.3</version>
    </versions>
    <lastUpdated>20150328155544</lastUpdated>
  </versioning>
</metadata>
